<?xml version='1.0' encoding='utf-8' standalone='yes' ?>
<map>
    <string name="afUninstallToken">etyv2mApSKasYhx3tbZh_X:APA91bGz50ySQwsViqL8WAnjhZFeA-qR3jr6w82Hv5LiPxYnR_f_yOf_RLfD4DLc3dnC-Bm-LUGK2_Xfo_j_o6q_koVFelsNcLw_pRzFMEfJSHxw9g-Xbw4</string>
    <long name="prev_session_dur" value="46" />
    <boolean name="ddl_sent" value="true" />
    <long name="af_rc_max_age" value="86400" />
    <string name="af_remote_config">eyJmZWF0dXJlcyI6e30sInZlciI6ImRlZmF1bHQudjEuMTYzNzE0OTUyOSJ9</string>
    <int name="versionCode" value="207" />
    <string name="savedProperties">{&quot;uid&quot;:&quot;1760701687168-4742595203613249262&quot;,&quot;oneLinkSlug&quot;:&quot;&quot;,&quot;advertiserId&quot;:&quot;d5de3b60-b4d1-4dc6-afb3-23869fea3aa3&quot;,&quot;advertiserIdEnabled&quot;:&quot;true&quot;}</string>
    <string name="AF_INSTALLATION">1760701687168-4742595203613249262</string>
    <boolean name="afUninstallToken_queued" value="false" />
    <int name="appsFlyerCount" value="4" />
    <long name="af_rc_timestamp" value="1760701687165" />
    <long name="AppsFlyerTimePassedSincePrevLaunch" value="1760701756862" />
    <boolean name="newGPReferrerSent" value="true" />
    <string name="appsFlyerFirstInstall">2025-10-17_114807+0000</string>
    <long name="afUninstallToken_received_time" value="1760701689835" />
</map>
