<?xml version='1.0' encoding='utf-8' standalone='yes' ?>
<map>
    <long name="sites_visited_weekly_time" value="1760701694852" />
    <set name="related_sites_visited_weekly_set">
        <string>3459081875</string>
    </set>
    <string name="origins_visited_date">10/17/25</string>
    <set name="origins_visited_set">
        <string>1778564728</string>
        <string>1279735072</string>
        <string>639050223</string>
    </set>
    <set name="sites_visited_weekly_set">
        <string>1432733664</string>
        <string>1792218482</string>
        <string>3459081875</string>
    </set>
</map>
