<?xml version='1.0' encoding='utf-8' standalone='yes' ?>
<map>
    <long name="first_open_time" value="1760701686689" />
    <string name="gmp_app_id">1:581413374:android:1ce56bdf6f80304cfef8af</string>
    <string name="app_instance_id">9ee61cf9a26d2f631854b73ab0102b73</string>
    <long name="session_id" value="1760701686" />
    <boolean name="app_backgrounded" value="false" />
    <long name="health_monitor:start" value="1760701686770" />
    <boolean name="use_service" value="true" />
    <boolean name="deferred_analytics_collection" value="false" />
    <string name="previous_os_version">15</string>
    <boolean name="has_been_opened" value="true" />
    <boolean name="allow_remote_dynamite" value="true" />
    <long name="last_pause_time" value="1760701802364" />
    <boolean name="start_new_session" value="false" />
</map>
