<?xml version='1.0' encoding='utf-8' standalone='yes' ?>
<map>
    <set name="fire-analytics/21.0.0 device-brand/vivo fire-installations/18.0.0 fire-auth/21.0.5 fire-fiam/20.1.2 fire-rc/22.0.0 fire-fcm/23.1.2 fire-fiamd/20.1.2 fire-abt/21.1.1 fire-android/35 fire-perf/20.5.2 android-installer/com.android.vending fire-core/21.0.0 device-name/V2428iC fire-core-ktx/21.0.0 device-model/V2428 android-platform/ android-min-sdk/21 kotlin/1.9.22 fire-cls/19.4.4 fire-sessions/2.1.2 android-target-sdk/35 fire-transport/19.0.0">
        <string>2025-10-17</string>
    </set>
    <long name="fire-count" value="1" />
    <string name="last-used-date">2025-10-17</string>
    <long name="fire-global" value="1760701686738" />
</map>
