<?xml version='1.0' encoding='utf-8' standalone='yes' ?>
<map>
    <boolean name="AppUpdateAvailable" value="false" />
    <string name="FCMToken">9ee61cf9a26d2f631854b73ab0102b73</string>
    <boolean name="EnableOfflineDownload" value="true" />
    <long name="USRSUB_OFFER_POPUP_SHOWTIME" value="1760701789670" />
    <boolean name="IS_FIRST_TIME_APP_OPEN" value="true" />
    <boolean name="greendaoDB_Version" value="true" />
    <boolean name="weburl_theme_key" value="true" />
    <int name="defaultThemeValue" value="32" />
    <boolean name="ProfileSelected" value="true" />
    <boolean name="CLEAR_EPG_FILTER_PREFERENCES" value="true" />
    <string name="pref_key_firebase_installation_id">etyv2mApSKasYhx3tbZh_X</string>
    <boolean name="interstitial_static_popup" value="true" />
    <string name="pref_key_advertising_id">d5de3b60-b4d1-4dc6-afb3-23869fea3aa3</string>
    <boolean name="IS_SHOW_THUMBNAIL_PREVIEW_SEEKBAR" value="true" />
</map>
