<?xml version='1.0' encoding='utf-8' standalone='yes' ?>
<map>
    <string name="feature_usage_package_name">tv.chaupal.android</string>
    <long name="feature_usage_timestamp_detected_feature_3" value="1760701798406" />
    <long name="feature_usage_timestamp_detected_feature_12" value="1760701798413" />
    <long name="feature_usage_last_report_time" value="1760701694655" />
    <long name="feature_usage_timestamp_detected_feature_15" value="1760701798407" />
    <string name="feature_usage_sdk_version">21.4.0</string>
    <long name="feature_usage_timestamp_reported_feature_5" value="1760701757054" />
    <long name="feature_usage_timestamp_reported_feature_33" value="1760701799544" />
</map>
