<?xml version='1.0' encoding='utf-8' standalone='yes' ?>
<map>
    <int name="istc_inapp:__a452cd3eecc14833b5e34c99b646507b:TEST" value="0" />
    <string name="SP_KEY_PROFILE_IDENTITIES:TEST">Email,Identity</string>
    <string name="instance:TEST">{&quot;accountId&quot;:&quot;TEST&quot;,&quot;accountToken&quot;:&quot;TEST&quot;,&quot;fcmSenderId&quot;:&quot;581413374&quot;,&quot;analyticsOnly&quot;:false,&quot;isDefaultInstance&quot;:true,&quot;useGoogleAdId&quot;:false,&quot;disableAppLaunchedEvent&quot;:false,&quot;personalization&quot;:true,&quot;debugLevel&quot;:0,&quot;createdPostAppLaunch&quot;:false,&quot;sslPinning&quot;:false,&quot;backgroundSync&quot;:false,&quot;getEnableCustomCleverTapId&quot;:false,&quot;beta&quot;:false,&quot;encryptionLevel&quot;:0}</string>
    <string name="deviceId:TEST">__a452cd3eecc14833b5e34c99b646507b</string>
    <string name="ict_date:__a452cd3eecc14833b5e34c99b646507b:TEST">17102025</string>
    <string name="fcm_token:TEST">etyv2mApSKasYhx3tbZh_X:APA91bGz50ySQwsViqL8WAnjhZFeA-qR3jr6w82Hv5LiPxYnR_f_yOf_RLfD4DLc3dnC-Bm-LUGK2_Xfo_j_o6q_koVFelsNcLw_pRzFMEfJSHxw9g-Xbw4</string>
    <int name="lastSessionId:TEST" value="1760701749" />
    <int name="sexe:TEST" value="1760701802" />
</map>
