{"Fid":"etyv2mApSKasYhx3tbZh_X","Status":3,"AuthToken":"eyJhbGciOiJFUzI1NiIsInR5cCI6IkpXVCJ9.eyJhcHBJZCI6IjE6NTgxNDEzMzc0OmFuZHJvaWQ6MWNlNTZiZGY2ZjgwMzA0Y2ZlZjhhZiIsImV4cCI6MTc2MTMwNjQ4OCwiZmlkIjoiZXR5djJtQXBTS2FzWWh4M3RiWmhfWCIsInByb2plY3ROdW1iZXIiOjU4MTQxMzM3NH0.AB2LPV8wRQIhAI9QHe-s9pK9fQsCTVywVMMI8QVklCeK4NSjMTx6Zob_AiBj1-sRkfg8omEMLR9YFFA_vDMWaKJwd91wTf7ko9agxA","RefreshToken":"3_AS3qfwLwocoEKl1GPGuv2LmNwNMZzX9NUrNd-lmhwXqDr91HL3eRKBS6OYFIH97Q-HDkitRFJFITdYKAU4IMP5E-ruzqPRkBIMER--RbV1JyUw","TokenCreationEpochInSecs":1760701687,"ExpiresInSecs":604800}